geography,year,age_group,population
01,2025,0-19,563029.1645000001
01,2025,20-69,1599039.4710000001
01,2025,70+,311490.0793
01,2026,0-19,556232.3853
01,2026,20-69,1608518.5969
01,2026,70+,317762.41610000003
01,2027,0-19,549292.0213
01,2027,20-69,1617927.6998
01,2027,70+,324012.4266
01,2028,0-19,542321.1631
01,2028,20-69,1627842.2931
01,2028,70+,329995.80079999997
01,2029,0-19,535781.5880999999
01,2029,20-69,1637773.0059
01,2029,70+,335735.38499999995
01,2030,0-19,529049.3841
01,2030,20-69,1647988.8821999999
01,2030,70+,341696.76259999996
01,2031,0-19,524160.457
01,2031,20-69,1656563.9078000002
01,2031,70+,347850.8909
01,2032,0-19,519982.1007
01,2032,20-69,1664000.9888
01,2032,70+,354871.5579
01,2033,0-19,516289.0357
01,2033,20-69,1670785.6721
01,2033,70+,362567.3095
01,2034,0-19,513011.5823
01,2034,20-69,1675439.3813
01,2034,70+,372091.2724
01,2035,0-19,510682.3717
01,2035,20-69,1679900.6526000001
01,2035,70+,381081.3855
01,2036,0-19,508544.6243
01,2036,20-69,1684669.3722
01,2036,70+,389777.6993
01,2037,0-19,507618.0417
01,2037,20-69,1689263.9475
01,2037,70+,397694.4683
01,2038,0-19,507353.7361
01,2038,20-69,1694430.8321
01,2038,70+,404701.1533
01,2039,0-19,507676.4833
01,2039,20-69,1700140.1234
01,2039,70+,410928.49360000005
01,2040,0-19,508404.4077999999
01,2040,20-69,1704941.9801
01,2040,70+,417987.3365
01,2041,0-19,508944.95530000003
01,2041,20-69,1708937.2404
01,2041,70+,425987.7167
01,2042,0-19,511645.2857
01,2042,20-69,1710373.2166
01,2042,70+,434317.92850000004
01,2043,0-19,515020.84179999994
01,2043,20-69,1711372.6886
01,2043,70+,442330.2601
01,2044,0-19,519369.42649999994
01,2044,20-69,1711044.9963
01,2044,70+,450569.5599
01,2045,0-19,524044.832
01,2045,20-69,1711505.865
01,2045,70+,457486.2559
03,2025,0-19,93279.65479999999
03,2025,20-69,259344.5755
03,2025,70+,59585.990699999995
03,2026,0-19,93220.14379999999
03,2026,20-69,261751.0722
03,2026,70+,60863.580599999994
03,2027,0-19,93058.9884
03,2027,20-69,264309.2226
03,2027,70+,61962.7346
03,2028,0-19,92792.4818
03,2028,20-69,266982.32
03,2028,70+,63011.4296
03,2029,0-19,92702.2837
03,2029,20-69,269566.6338
03,2029,70+,63935.7916
03,2030,0-19,92437.93
03,2030,20-69,272418.9602
03,2030,70+,64730.9772
03,2031,0-19,92470.0105
03,2031,20-69,274858.7991
03,2031,70+,65596.7531
03,2032,0-19,92370.76870000002
03,2032,20-69,277351.4829
03,2032,70+,66497.0644
03,2033,0-19,92568.9186
03,2033,20-69,279325.7356
03,2033,70+,67587.0232
03,2034,0-19,92664.60519999999
03,2034,20-69,281106.0315
03,2034,70+,68878.9312
03,2035,0-19,92678.4344
03,2035,20-69,282958.6439
03,2035,70+,70112.2583
03,2036,0-19,92745.0043
03,2036,20-69,284682.11970000004
03,2036,70+,71361.5303
03,2037,0-19,93005.51999999999
03,2037,20-69,286293.97239999997
03,2037,70+,72479.7145
03,2038,0-19,93256.5366
03,2038,20-69,288043.5085
03,2038,70+,73431.00690000001
03,2039,0-19,93626.4725
03,2039,20-69,289772.5209
03,2039,70+,74254.2598
03,2040,0-19,94168.99419999999
03,2040,20-69,291387.834
03,2040,70+,74993.0657
03,2041,0-19,94589.2219
03,2041,20-69,292738.6242
03,2041,70+,76040.66470000001
03,2042,0-19,95372.3173
03,2042,20-69,293666.1997
03,2042,70+,77059.6156
03,2043,0-19,96332.4651
03,2043,20-69,294414.21880000003
03,2043,70+,77990.26419999999
03,2044,0-19,97317.7411
03,2044,20-69,294928.354
03,2044,70+,79047.8895
03,2045,0-19,98348.6805
03,2045,20-69,295452.6323
03,2045,70+,79984.008
04,2025,0-19,70133.106
04,2025,20-69,178817.2122
04,2025,70+,54707.9506
04,2026,0-19,69448.4877
04,2026,20-69,179523.6396
04,2026,70+,55438.552599999995
04,2027,0-19,68831.0755
04,2027,20-69,180178.3805
04,2027,70+,56091.9196
04,2028,0-19,68284.9995
04,2028,20-69,180755.6738
04,2028,70+,56744.4109
04,2029,0-19,67754.5367
04,2029,20-69,181330.1283
04,2029,70+,57372.8055
04,2030,0-19,67134.4701
04,2030,20-69,182066.2379
04,2030,70+,57923.6589
04,2031,0-19,66691.6043
04,2031,20-69,182680.9708
04,2031,70+,58418.714
04,2032,0-19,66206.26670000001
04,2032,20-69,183207.7268
04,2032,70+,59049.5391
04,2033,0-19,65777.7932
04,2033,20-69,183695.8419
04,2033,70+,59677.6319
04,2034,0-19,65338.36349999999
04,2034,20-69,183846.3871
04,2034,70+,60629.697799999994
04,2035,0-19,64973.8532
04,2035,20-69,183893.0365
04,2035,70+,61600.672099999996
04,2036,0-19,64490.321899999995
04,2036,20-69,184068.5621
04,2036,70+,62559.3804
04,2037,0-19,64142.3063
04,2037,20-69,184152.4069
04,2037,70+,63493.406200000005
04,2038,0-19,63884.615099999995
04,2038,20-69,184411.9071
04,2038,70+,64205.9825
04,2039,0-19,63838.870500000005
04,2039,20-69,184761.6102
04,2039,70+,64679.774600000004
04,2040,0-19,63863.746100000004
04,2040,20-69,185010.9567
04,2040,70+,65258.6899
04,2041,0-19,63934.135500000004
04,2041,20-69,185198.53869999998
04,2041,70+,65914.712
04,2042,0-19,64232.5883
04,2042,20-69,185175.1963
04,2042,70+,66619.21459999999
04,2043,0-19,64763.9982
04,2043,20-69,185136.509
04,2043,70+,67167.7064
04,2044,0-19,65246.109300000004
04,2044,20-69,185030.8801
04,2044,70+,67882.2723
04,2045,0-19,65779.2602
04,2045,20-69,185125.2054
04,2045,70+,68382.8917
05,2025,0-19,105721.6921
05,2025,20-69,291137.3248
05,2025,70+,77338.0094
05,2026,0-19,104698.1686
05,2026,20-69,292061.6431
05,2026,70+,78325.42129999999
05,2027,0-19,103642.60320000001
05,2027,20-69,292969.63190000004
05,2027,70+,79298.0995
05,2028,0-19,102612.45730000001
05,2028,20-69,293919.8753
05,2028,70+,80226.82870000001
05,2029,0-19,101541.2422
05,2029,20-69,295141.3063
05,2029,70+,80946.7109
05,2030,0-19,100442.7636
05,2030,20-69,296387.2433
05,2030,70+,81695.8706
05,2031,0-19,99747.7869
05,2031,20-69,297413.8812
05,2031,70+,82285.327
05,2032,0-19,98860.7023
05,2032,20-69,298529.00049999997
05,2032,70+,83007.8282
05,2033,0-19,98219.2341
05,2033,20-69,299225.74820000003
05,2033,70+,83945.02970000001
05,2034,0-19,97574.9811
05,2034,20-69,299536.2845
05,2034,70+,85246.357
05,2035,0-19,96961.02179999999
05,2035,20-69,299729.2767
05,2035,70+,86639.2649
05,2036,0-19,96284.1351
05,2036,20-69,300090.61699999997
05,2036,70+,87944.4165
05,2037,0-19,96031.2957
05,2037,20-69,300198.0683
05,2037,70+,89112.4416
05,2038,0-19,95826.1355
05,2038,20-69,300674.5848
05,2038,70+,89907.3097
05,2039,0-19,95702.2556
05,2039,20-69,301246.63769999996
05,2039,70+,90572.7348
05,2040,0-19,95766.7847
05,2040,20-69,301560.9103
05,2040,70+,91355.2049
05,2041,0-19,95673.5365
05,2041,20-69,301960.5486
05,2041,70+,92216.1704
05,2042,0-19,96088.2727
05,2042,20-69,301911.3203
05,2042,70+,93019.52050000001
05,2043,0-19,96756.9112
05,2043,20-69,301590.5994
05,2043,70+,93844.0965
05,2044,0-19,97494.1821
05,2044,20-69,301041.5348
05,2044,70+,94835.2827
05,2045,0-19,98302.44499999999
05,2045,20-69,300848.5858
05,2045,70+,95411.5011
06,2025,0-19,86799.43549999999
06,2025,20-69,222009.9113
06,2025,70+,61127.7569
06,2026,0-19,86107.78529999999
06,2026,20-69,222409.85869999998
06,2026,70+,61894.47810000001
06,2027,0-19,85325.5076
06,2027,20-69,222953.10619999998
06,2027,70+,62556.7669
06,2028,0-19,84573.0214
06,2028,20-69,223523.2286
06,2028,70+,63174.7394
06,2029,0-19,83830.0178
06,2029,20-69,224130.1604
06,2029,70+,63753.8778
06,2030,0-19,83056.51
06,2030,20-69,224832.5721
06,2030,70+,64283.3125
06,2031,0-19,82330.7004
06,2031,20-69,225560.141
06,2031,70+,64763.989199999996
06,2032,0-19,81745.8118
06,2032,20-69,226082.012
06,2032,70+,65342.9347
06,2033,0-19,81292.70079999999
06,2033,20-69,226341.37889999998
06,2033,70+,66091.004
06,2034,0-19,80790.7752
06,2034,20-69,226516.7968
06,2034,70+,66950.4706
06,2035,0-19,80308.8739
06,2035,20-69,226523.0609
06,2035,70+,67954.31719999999
06,2036,0-19,79804.6921
06,2036,20-69,226641.2817
06,2036,70+,68871.1737
06,2037,0-19,79510.4307
06,2037,20-69,226576.0622
06,2037,70+,69778.8602
06,2038,0-19,79172.58989999999
06,2038,20-69,226732.6149
06,2038,70+,70539.51419999999
06,2039,0-19,78967.04550000001
06,2039,20-69,227052.29379999998
06,2039,70+,71049.3748
06,2040,0-19,78796.4522
06,2040,20-69,227320.7336
06,2040,70+,71636.5327
06,2041,0-19,78757.86360000001
06,2041,20-69,227421.861
06,2041,70+,72299.05970000001
06,2042,0-19,79065.7732
06,2042,20-69,227360.595
06,2042,70+,72823.7374
06,2043,0-19,79520.41699999999
06,2043,20-69,227226.412
06,2043,70+,73320.99369999999
06,2044,0-19,80065.2301
06,2044,20-69,227070.8824
06,2044,70+,73791.4017
06,2045,0-19,80672.77040000001
06,2045,20-69,226971.82189999998
06,2045,70+,74177.6253
07,2025,0-19,47536.1976
07,2025,20-69,122037.1607
07,2025,70+,34542.2405
07,2026,0-19,47072.761399999996
07,2026,20-69,122223.29550000001
07,2026,70+,35005.855800000005
07,2027,0-19,46670.447199999995
07,2027,20-69,122530.8019
07,2027,70+,35266.9567
07,2028,0-19,46222.3248
07,2028,20-69,122902.6485
07,2028,70+,35525.562
07,2029,0-19,45829.1515
07,2029,20-69,123214.2661
07,2029,70+,35807.5861
07,2030,0-19,45424.4019
07,2030,20-69,123642.72619999999
07,2030,70+,36007.834
07,2031,0-19,45169.231
07,2031,20-69,123966.2829
07,2031,70+,36186.9176
07,2032,0-19,44925.793600000005
07,2032,20-69,124229.427
07,2032,70+,36436.0559
07,2033,0-19,44643.0944
07,2033,20-69,124505.5734
07,2033,70+,36735.8201
07,2034,0-19,44416.6501
07,2034,20-69,124587.1724
07,2034,70+,37170.8651
07,2035,0-19,44237.1478
07,2035,20-69,124595.0713
07,2035,70+,37638.3607
07,2036,0-19,43958.8947
07,2036,20-69,124739.313
07,2036,70+,38075.57859999999
07,2037,0-19,43835.6656
07,2037,20-69,124697.4669
07,2037,70+,38556.476599999995
07,2038,0-19,43755.4986
07,2038,20-69,124764.2892
07,2038,70+,38902.0985
07,2039,0-19,43646.6121
07,2039,20-69,124957.9324
07,2039,70+,39169.7508
07,2040,0-19,43585.9448
07,2040,20-69,125206.0633
07,2040,70+,39362.431500000006
07,2041,0-19,43589.6115
07,2041,20-69,125330.7194
07,2041,70+,39624.0417
07,2042,0-19,43778.51090000001
07,2042,20-69,125349.4102
07,2042,70+,39818.3384
07,2043,0-19,44055.2495
07,2043,20-69,125283.307
07,2043,70+,40023.3306
07,2044,0-19,44387.999299999996
07,2044,20-69,125106.2996
07,2044,70+,40299.345799999996
07,2045,0-19,44753.600900000005
07,2045,20-69,124931.8358
07,2045,70+,40559.4582
08,2025,0-19,52650.9669
08,2025,20-69,143458.8472
08,2025,70+,50173.2276
08,2026,0-19,52206.8716
08,2026,20-69,142994.7845
08,2026,70+,50854.1304
08,2027,0-19,51675.7979
08,2027,20-69,142841.1644
08,2027,70+,51277.0129
08,2028,0-19,51165.73759999999
08,2028,20-69,142711.7881
08,2028,70+,51658.707
08,2029,0-19,50686.5119
08,2029,20-69,142507.63700000002
08,2029,70+,52084.5981
08,2030,0-19,50098.923899999994
08,2030,20-69,142532.4164
08,2030,70+,52393.6172
08,2031,0-19,49692.4261
08,2031,20-69,142471.66139999998
08,2031,70+,52612.5779
08,2032,0-19,49170.7663
08,2032,20-69,142392.2828
08,2032,70+,52975.0286
08,2033,0-19,48778.3254
08,2033,20-69,142097.8044
08,2033,70+,53438.862700000005
08,2034,0-19,48352.8179
08,2034,20-69,141675.5982
08,2034,70+,54047.123
08,2035,0-19,47929.6899
08,2035,20-69,141289.543
08,2035,70+,54615.2158
08,2036,0-19,47528.1561
08,2036,20-69,140877.3246
08,2036,70+,55194.056899999996
08,2037,0-19,47178.567
08,2037,20-69,140509.8319
08,2037,70+,55694.3935
08,2038,0-19,46858.2717
08,2038,20-69,140326.9486
08,2038,70+,56013.0195
08,2039,0-19,46677.9084
08,2039,20-69,140237.8714
08,2039,70+,56138.376800000005
08,2040,0-19,46463.1955
08,2040,20-69,140178.4372
08,2040,70+,56320.160899999995
08,2041,0-19,46306.0727
08,2041,20-69,140077.6172
08,2041,70+,56530.611600000004
08,2042,0-19,46427.2867
08,2042,20-69,139765.4472
08,2042,70+,56726.7667
08,2043,0-19,46642.3011
08,2043,20-69,139430.4504
08,2043,70+,56903.9504
08,2044,0-19,46905.206099999996
08,2044,20-69,139160.41509999998
08,2044,70+,57016.10400000001
08,2045,0-19,47215.6115
08,2045,20-69,138943.82280000002
08,2045,70+,57069.81659999999
09,2025,0-19,12412.299500000001
09,2025,20-69,36078.5356
09,2025,70+,12955.6369
09,2026,0-19,12349.881300000001
09,2026,20-69,36038.7967
09,2026,70+,13241.7265
09,2027,0-19,12297.319899999999
09,2027,20-69,36042.134600000005
09,2027,70+,13454.0859
09,2028,0-19,12186.8158
09,2028,20-69,36110.8251
09,2028,70+,13645.050299999999
09,2029,0-19,12048.2174
09,2029,20-69,36248.006
09,2029,70+,13777.8365
09,2030,0-19,11911.2043
09,2030,20-69,36348.726200000005
09,2030,70+,13929.7057
09,2031,0-19,11813.5293
09,2031,20-69,36437.2045
09,2031,70+,14043.4926
09,2032,0-19,11719.8727
09,2032,20-69,36485.3907
09,2032,70+,14187.8684
09,2033,0-19,11650.418999999998
09,2033,20-69,36489.774300000005
09,2033,70+,14350.682200000001
09,2034,0-19,11562.3223
09,2034,20-69,36448.6538
09,2034,70+,14570.8375
09,2035,0-19,11526.7524
09,2035,20-69,36389.03
09,2035,70+,14751.3712
09,2036,0-19,11428.467499999999
09,2036,20-69,36373.1563
09,2036,70+,14944.1279
09,2037,0-19,11349.9069
09,2037,20-69,36339.5329
09,2037,70+,15131.576599999999
09,2038,0-19,11305.811300000001
09,2038,20-69,36401.0291
09,2038,70+,15191.853599999999
09,2039,0-19,11287.7243
09,2039,20-69,36464.9013
09,2039,70+,15231.411999999998
09,2040,0-19,11301.9995
09,2040,20-69,36531.029
09,2040,70+,15246.3356
09,2041,0-19,11281.6059
09,2041,20-69,36571.1313
09,2041,70+,15327.098300000001
09,2042,0-19,11330.2311
09,2042,20-69,36544.462700000004
09,2042,70+,15410.828800000001
09,2043,0-19,11395.6319
09,2043,20-69,36544.6308
09,2043,70+,15458.556799999998
09,2044,0-19,11489.6557
09,2044,20-69,36493.3249
09,2044,70+,15539.5959
09,2045,0-19,11594.9159
09,2045,20-69,36496.2797
09,2045,70+,15566.4601
10,2025,0-19,33686.2762
10,2025,20-69,92640.3508
10,2025,70+,30389.086300000003
10,2026,0-19,33087.618200000004
10,2026,20-69,92436.5747
10,2026,70+,30583.6898
10,2027,0-19,32573.8073
10,2027,20-69,92167.89229999999
10,2027,70+,30771.2133
10,2028,0-19,32095.1059
10,2028,20-69,91941.6948
10,2028,70+,30918.1528
10,2029,0-19,31577.1261
10,2029,20-69,91829.3347
10,2029,70+,31022.1976
10,2030,0-19,31066.6963
10,2030,20-69,91768.8443
10,2030,70+,31096.9102
10,2031,0-19,30639.1294
10,2031,20-69,91670.35990000001
10,2031,70+,31158.7966
10,2032,0-19,30261.2672
10,2032,20-69,91475.7229
10,2032,70+,31302.339900000003
10,2033,0-19,29937.8681
10,2033,20-69,91202.8703
10,2033,70+,31507.682
10,2034,0-19,29580.8647
10,2034,20-69,90803.7573
10,2034,70+,31889.363999999998
10,2035,0-19,29280.9192
10,2035,20-69,90370.66440000001
10,2035,70+,32270.977
10,2036,0-19,28959.2703
10,2036,20-69,89979.2158
10,2036,70+,32657.4321
10,2037,0-19,28730.9485
10,2037,20-69,89598.91070000001
10,2037,70+,32968.8545
10,2038,0-19,28504.1047
10,2038,20-69,89351.397
10,2038,70+,33183.1139
10,2039,0-19,28356.929500000002
10,2039,20-69,89130.88080000001
10,2039,70+,33333.5126
10,2040,0-19,28254.1558
10,2040,20-69,88879.4526
10,2040,70+,33515.2849
10,2041,0-19,28151.7721
10,2041,20-69,88655.5288
10,2041,70+,33700.494999999995
10,2042,0-19,28176.377399999998
10,2042,20-69,88363.125
10,2042,70+,33858.8635
10,2043,0-19,28292.5331
10,2043,20-69,87978.4911
10,2043,70+,34052.3628
10,2044,0-19,28442.8212
10,2044,20-69,87661.306
10,2044,70+,34178.6852
10,2045,0-19,28622.0389
10,2045,20-69,87382.5877
10,2045,70+,34269.177899999995
12,2025,0-19,329642.922
12,2025,20-69,884445.2091
12,2025,70+,218949.8648
12,2026,0-19,327079.8326
12,2026,20-69,889539.7382
12,2026,70+,221883.4769
12,2027,0-19,324398.06999999995
12,2027,20-69,894603.4811
12,2027,70+,224798.8477
12,2028,0-19,321449.0104
12,2028,20-69,900236.2937
12,2028,70+,227471.24920000002
12,2029,0-19,318552.3033
12,2029,20-69,905753.3428
12,2029,70+,230247.69749999998
12,2030,0-19,315504.1123
12,2030,20-69,911733.7476000001
12,2030,70+,232782.39909999998
12,2031,0-19,313291.7152
12,2031,20-69,916764.2857
12,2031,70+,235522.6447
12,2032,0-19,311176.2067
12,2032,20-69,921540.3696999999
12,2032,70+,238532.3887
12,2033,0-19,309555.1625
12,2033,20-69,925274.9774
12,2033,70+,242247.0402
12,2034,0-19,307956.82279999997
12,2034,20-69,928185.8783
12,2034,70+,246728.6106
12,2035,0-19,306856.6332
12,2035,20-69,930663.8915
12,2035,70+,251191.668
12,2036,0-19,305578.9604
12,2036,20-69,933485.8167999999
12,2036,70+,255546.78230000002
12,2037,0-19,305095.9126
12,2037,20-69,935642.2956
12,2037,70+,259870.50569999998
12,2038,0-19,304748.8316
12,2038,20-69,938598.9231
12,2038,70+,263403.15239999996
12,2039,0-19,304921.5644
12,2039,20-69,941814.1337
12,2039,70+,266336.1382
12,2040,0-19,305485.7925
12,2040,20-69,944554.5377999999
12,2040,70+,269543.9874
12,2041,0-19,306066.325
12,2041,20-69,946929.4421999999
12,2041,70+,273114.2825
12,2042,0-19,307843.9534
12,2042,20-69,948223.6166000001
12,2042,70+,276572.1209
12,2043,0-19,310198.44019999995
12,2043,20-69,949006.352
12,2043,70+,279965.931
12,2044,0-19,312999.4263
12,2044,20-69,949006.0981000001
12,2044,70+,283695.6124
12,2045,0-19,316012.9734
12,2045,20-69,949093.5558
12,2045,70+,287113.6118
13,2025,0-19,80790.7671
13,2025,20-69,205402.7387
13,2025,70+,61314.17399999999
13,2026,0-19,80196.7992
13,2026,20-69,206591.8824
13,2026,70+,62416.8041
13,2027,0-19,79647.65220000001
13,2027,20-69,207598.4182
13,2027,70+,63534.3542
13,2028,0-19,79116.29490000001
13,2028,20-69,208562.3038
13,2028,70+,64619.60600000001
13,2029,0-19,78472.1737
13,2029,20-69,209653.9835
13,2029,70+,65630.4643
13,2030,0-19,77678.0526
13,2030,20-69,210998.2968
13,2030,70+,66492.6677
13,2031,0-19,77184.28
13,2031,20-69,211994.3657
13,2031,70+,67377.6998
13,2032,0-19,76809.92050000001
13,2032,20-69,212878.2144
13,2032,70+,68249.7445
13,2033,0-19,76507.85569999999
13,2033,20-69,213481.13040000002
13,2033,70+,69340.461
13,2034,0-19,76142.05919999999
13,2034,20-69,213937.799
13,2034,70+,70605.8797
13,2035,0-19,75912.5545
13,2035,20-69,214163.14020000002
13,2035,70+,71948.1821
13,2036,0-19,75482.514
13,2036,20-69,214657.2145
13,2036,70+,73208.53570000001
13,2037,0-19,75291.6123
13,2037,20-69,214847.8602
13,2037,70+,74529.1928
13,2038,0-19,75123.64929999999
13,2038,20-69,215303.1024
13,2038,70+,75571.08469999999
13,2039,0-19,74977.6826
13,2039,20-69,215970.9837
13,2039,70+,76397.22260000001
13,2040,0-19,74972.29509999999
13,2040,20-69,216483.2558
13,2040,70+,77267.78110000001
13,2041,0-19,74888.5341
13,2041,20-69,216918.59029999998
13,2041,70+,78305.6404
13,2042,0-19,75159.6192
13,2042,20-69,217089.624
13,2042,70+,79277.91260000001
13,2043,0-19,75694.17550000001
13,2043,20-69,217166.9066
13,2043,70+,80117.6683
13,2044,0-19,76343.6726
13,2044,20-69,217086.939
13,2044,70+,81041.9467
13,2045,0-19,77056.4196
13,2045,20-69,217215.3004
13,2045,70+,81733.2062
14,2025,0-19,396939.88300000003
14,2025,20-69,1108495.6456
14,2025,70+,271771.2816
14,2026,0-19,393554.77509999997
14,2026,20-69,1112508.3884
14,2026,70+,276009.7895
14,2027,0-19,389775.28929999995
14,2027,20-69,1116938.1379
14,2027,70+,280043.5302
14,2028,0-19,386279.4719
14,2028,20-69,1121675.4548
14,2028,70+,283626.384
14,2029,0-19,382661.79819999996
14,2029,20-69,1126813.3461
14,2029,70+,287052.6353
14,2030,0-19,378703.948
14,2030,20-69,1132817.8388
14,2030,70+,290116.0279
14,2031,0-19,376196.9717
14,2031,20-69,1137396.0877
14,2031,70+,293346.7409
14,2032,0-19,373794.32440000004
14,2032,20-69,1142049.1713999999
14,2032,70+,296617.7772
14,2033,0-19,371991.326
14,2033,20-69,1145006.4604
14,2033,70+,301247.39519999997
14,2034,0-19,370201.55
14,2034,20-69,1147297.9405
14,2034,70+,306513.5118
14,2035,0-19,368870.0148
14,2035,20-69,1149141.9443
14,2035,70+,311828.2657
14,2036,0-19,367256.2563
14,2036,20-69,1151565.0175
14,2036,70+,316914.4129
14,2037,0-19,366599.431
14,2037,20-69,1153604.7101
14,2037,70+,321536.18669999996
14,2038,0-19,366126.7811
14,2038,20-69,1156431.8588
14,2038,70+,325347.9722
14,2039,0-19,366107.7068
14,2039,20-69,1159835.9317
14,2039,70+,328323.4522
14,2040,0-19,366484.04240000003
14,2040,20-69,1163067.1952
14,2040,70+,331284.2631
14,2041,0-19,366689.11120000004
14,2041,20-69,1166210.4196
14,2041,70+,334506.452
14,2042,0-19,368316.0843
14,2042,20-69,1167642.8681
14,2042,70+,338010.9398
14,2043,0-19,370708.72010000004
14,2043,20-69,1168662.576
14,2043,70+,341153.5268
14,2044,0-19,373675.4746
14,2044,20-69,1168638.9605
14,2044,70+,344745.599
14,2045,0-19,376899.09380000003
14,2045,20-69,1169144.5643
14,2045,70+,347507.2268
17,2025,0-19,59573.4399
17,2025,20-69,168916.8641
17,2025,70+,54485.3142
17,2026,0-19,59022.3166
17,2026,20-69,168503.56
17,2026,70+,55157.5451
17,2027,0-19,58417.7135
17,2027,20-69,168174.8273
17,2027,70+,55782.1256
17,2028,0-19,57917.3917
17,2028,20-69,167911.3282
17,2028,70+,56267.5744
17,2029,0-19,57346.6388
17,2029,20-69,167796.2205
17,2029,70+,56700.1671
17,2030,0-19,56750.6513
17,2030,20-69,167892.4851
17,2030,70+,56971.409799999994
17,2031,0-19,56261.4727
17,2031,20-69,167908.4315
17,2031,70+,57242.3546
17,2032,0-19,55746.975600000005
17,2032,20-69,167887.9058
17,2032,70+,57602.719300000004
17,2033,0-19,55416.5896
17,2033,20-69,167664.95799999998
17,2033,70+,58014.1391
17,2034,0-19,54970.0771
17,2034,20-69,167240.8254
17,2034,70+,58733.6246
17,2035,0-19,54582.3609
17,2035,20-69,166818.3357
17,2035,70+,59395.063500000004
17,2036,0-19,54120.4262
17,2036,20-69,166490.075
17,2036,70+,60043.802599999995
17,2037,0-19,53726.8306
17,2037,20-69,166190.0342
17,2037,70+,60613.4638
17,2038,0-19,53420.5179
17,2038,20-69,166084.0589
17,2038,70+,60934.7019
17,2039,0-19,53259.8338
17,2039,20-69,166135.2606
17,2039,70+,60999.5544
17,2040,0-19,53193.8716
17,2040,20-69,166022.6096
17,2040,70+,61188.3191
17,2041,0-19,53189.4293
17,2041,20-69,165829.5014
17,2041,70+,61432.125799999994
17,2042,0-19,53350.8964
17,2042,20-69,165583.5689
17,2042,70+,61599.752400000005
17,2043,0-19,53736.4182
17,2043,20-69,165179.4744
17,2043,70+,61739.5033
17,2044,0-19,54096.427200000006
17,2044,20-69,164833.0985
17,2044,70+,61884.5901
17,2045,0-19,54502.7014
17,2045,20-69,164664.0451
17,2045,70+,61842.8452
18,2025,0-19,69538.2362
18,2025,20-69,186970.0263
18,2025,70+,52763.7032
18,2026,0-19,68994.1898
18,2026,20-69,187403.0887
18,2026,70+,53418.864199999996
18,2027,0-19,68255.3152
18,2027,20-69,188073.9578
18,2027,70+,53982.899900000004
18,2028,0-19,67535.83009999999
18,2028,20-69,188941.5043
18,2028,70+,54336.489499999996
18,2029,0-19,66824.86129999999
18,2029,20-69,189747.75040000002
18,2029,70+,54745.3137
18,2030,0-19,66097.4668
18,2030,20-69,190615.36560000002
18,2030,70+,55113.4287
18,2031,0-19,65531.0515
18,2031,20-69,191322.4054
18,2031,70+,55488.8207
18,2032,0-19,65063.8304
18,2032,20-69,191792.38919999998
18,2032,70+,56017.8476
18,2033,0-19,64712.468799999995
18,2033,20-69,192341.8412
18,2033,70+,56380.110799999995
18,2034,0-19,64324.306099999994
18,2034,20-69,192451.5197
18,2034,70+,57206.5247
18,2035,0-19,64051.8629
18,2035,20-69,192600.9674
18,2035,70+,57884.643099999994
18,2036,0-19,63758.2592
18,2036,20-69,192797.2207
18,2036,70+,58549.672
18,2037,0-19,63556.4295
18,2037,20-69,192871.5161
18,2037,70+,59263.8047
18,2038,0-19,63361.6624
18,2038,20-69,193165.8356
18,2038,70+,59779.6178
18,2039,0-19,63274.9963
18,2039,20-69,193511.8481
18,2039,70+,60173.23539999999
18,2040,0-19,63316.8269
18,2040,20-69,193682.885
18,2040,70+,60656.4603
18,2041,0-19,63323.3267
18,2041,20-69,193851.7388
18,2041,70+,61199.7353
18,2042,0-19,63617.9078
18,2042,20-69,193753.16700000002
18,2042,70+,61743.2348
18,2043,0-19,64094.1838
18,2043,20-69,193623.9823
18,2043,70+,62155.73729999999
18,2044,0-19,64618.2863
18,2044,20-69,193323.8649
18,2044,70+,62711.2987
18,2045,0-19,65186.287599999996
18,2045,20-69,193278.6601
18,2045,70+,62989.9911
19,2025,0-19,64172.6961
19,2025,20-69,169608.375
19,2025,70+,48291.992
19,2026,0-19,63768.6207
19,2026,20-69,170185.9814
19,2026,70+,48669.989499999996
19,2027,0-19,63314.3391
19,2027,20-69,170647.0163
19,2027,70+,49161.428499999995
19,2028,0-19,62846.252100000005
19,2028,20-69,171149.1522
19,2028,70+,49618.7883
19,2029,0-19,62387.9292
19,2029,20-69,171631.5625
19,2029,70+,50074.0374
19,2030,0-19,61800.1695
19,2030,20-69,172283.2856
19,2030,70+,50483.7217
19,2031,0-19,61330.5918
19,2031,20-69,172733.6447
19,2031,70+,50978.199799999995
19,2032,0-19,60869.1935
19,2032,20-69,173161.2644
19,2032,70+,51499.6598
19,2033,0-19,60491.925200000005
19,2033,20-69,173429.4543
19,2033,70+,52122.8758
19,2034,0-19,60122.496
19,2034,20-69,173456.6717
19,2034,70+,52971.6736
19,2035,0-19,59848.4635
19,2035,20-69,173290.24
19,2035,70+,53924.531500000005
19,2036,0-19,59506.0341
19,2036,20-69,173362.5409
19,2036,70+,54713.6825
19,2037,0-19,59199.042700000005
19,2037,20-69,173473.5133
19,2037,70+,55444.9726
19,2038,0-19,58968.0401
19,2038,20-69,173617.5584
19,2038,70+,56100.646
19,2039,0-19,58851.462
19,2039,20-69,173902.8978
19,2039,70+,56548.9592
19,2040,0-19,58805.9432
19,2040,20-69,174214.2891
19,2040,70+,56959.3064
19,2041,0-19,58846.8487
19,2041,20-69,174376.202
19,2041,70+,57474.0421
19,2042,0-19,59021.0671
19,2042,20-69,174362.2438
19,2042,70+,58075.233100000005
19,2043,0-19,59410.0291
19,2043,20-69,174421.861
19,2043,70+,58430.4655
19,2044,0-19,59812.4315
19,2044,20-69,174424.4801
19,2044,70+,58864.072700000004
19,2045,0-19,60264.8592
19,2045,20-69,174452.6214
19,2045,70+,59248.083999999995
20,2025,0-19,62029.1429
20,2025,20-69,166289.9429
20,2025,70+,57689.108199999995
20,2026,0-19,61324.48330000001
20,2026,20-69,165618.3381
20,2026,70+,58389.9286
20,2027,0-19,60517.4506
20,2027,20-69,165062.7289
20,2027,70+,59037.2272
20,2028,0-19,59713.3798
20,2028,20-69,164654.8505
20,2028,70+,59549.572
20,2029,0-19,59028.334599999995
20,2029,20-69,164290.0728
20,2029,70+,59912.2394
20,2030,0-19,58290.745599999995
20,2030,20-69,163990.4045
20,2030,70+,60279.354999999996
20,2031,0-19,57598.8811
20,2031,20-69,163845.8483
20,2031,70+,60472.537599999996
20,2032,0-19,56985.706699999995
20,2032,20-69,163561.9423
20,2032,70+,60764.3208
20,2033,0-19,56566.225699999995
20,2033,20-69,163094.33740000002
20,2033,70+,61086.2727
20,2034,0-19,55997.2857
20,2034,20-69,162479.4079
20,2034,70+,61700.3069
20,2035,0-19,55456.5838
20,2035,20-69,161992.7063
20,2035,70+,62162.641200000005
20,2036,0-19,54864.3938
20,2036,20-69,161592.62
20,2036,70+,62601.9151
20,2037,0-19,54355.569
20,2037,20-69,161147.89919999999
20,2037,70+,63030.234200000006
20,2038,0-19,53925.1429
20,2038,20-69,160951.5146
20,2038,70+,63179.0436
20,2039,0-19,53613.4747
20,2039,20-69,160864.2952
20,2039,70+,63164.590599999996
20,2040,0-19,53397.425
20,2040,20-69,160761.26870000002
20,2040,70+,63152.1177
20,2041,0-19,53289.856999999996
20,2041,20-69,160443.0773
20,2041,70+,63319.682100000005
20,2042,0-19,53396.081300000005
20,2042,20-69,160033.9665
20,2042,70+,63443.8021
20,2043,0-19,53646.298800000004
20,2043,20-69,159675.2947
20,2043,70+,63451.5683
20,2044,0-19,53925.428100000005
20,2044,20-69,159275.155
20,2044,70+,63541.955400000006
20,2045,0-19,54265.353
20,2045,20-69,159066.99529999998
20,2045,70+,63442.1887
21,2025,0-19,60755.5207
21,2025,20-69,168033.177
21,2025,70+,55453.07609999999
21,2026,0-19,59998.3426
21,2026,20-69,167501.87689999997
21,2026,70+,56018.0626
21,2027,0-19,59242.4738
21,2027,20-69,167040.6509
21,2027,70+,56489.5425
21,2028,0-19,58586.179200000006
21,2028,20-69,166656.3933
21,2028,70+,56808.825500000006
21,2029,0-19,57865.7284
21,2029,20-69,166314.7482
21,2029,70+,57167.189
21,2030,0-19,57063.7869
21,2030,20-69,166144.6996
21,2030,70+,57455.7741
21,2031,0-19,56443.001599999996
21,2031,20-69,165839.1703
21,2031,70+,57721.8558
21,2032,0-19,55775.2905
21,2032,20-69,165499.83419999998
21,2032,70+,58098.260700000006
21,2033,0-19,55241.1596
21,2033,20-69,165102.5171
21,2033,70+,58437.3656
21,2034,0-19,54726.0298
21,2034,20-69,164423.3026
21,2034,70+,59040.8328
21,2035,0-19,54200.5983
21,2035,20-69,163766.5601
21,2035,70+,59646.3787
21,2036,0-19,53685.168000000005
21,2036,20-69,163173.6575
21,2036,70+,60196.7747
21,2037,0-19,53248.8572
21,2037,20-69,162509.12290000002
21,2037,70+,60767.8974
21,2038,0-19,52736.9329
21,2038,20-69,162289.5649
21,2038,70+,61016.030199999994
21,2039,0-19,52446.0841
21,2039,20-69,162070.7965
21,2039,70+,61107.4919
21,2040,0-19,52308.3556
21,2040,20-69,161733.8342
21,2040,70+,61245.140699999996
21,2041,0-19,52170.0726
21,2041,20-69,161375.9781
21,2041,70+,61477.2696
21,2042,0-19,52331.1233
21,2042,20-69,160770.5287
21,2042,70+,61735.4321
21,2043,0-19,52646.1366
21,2043,20-69,160157.0995
21,2043,70+,61922.3188
21,2044,0-19,52935.1522
21,2044,20-69,159647.50089999998
21,2044,70+,62098.3041
21,2045,0-19,53278.9899
21,2045,20-69,159281.8334
21,2045,70+,62132.8581
22,2025,0-19,51115.281
22,2025,20-69,141687.0753
22,2025,70+,46664.7059
22,2026,0-19,50293.5208
22,2026,20-69,140827.331
22,2026,70+,47029.140799999994
22,2027,0-19,49452.8762
22,2027,20-69,139974.9126
22,2027,70+,47410.306800000006
22,2028,0-19,48590.0373
22,2028,20-69,139383.4389
22,2028,70+,47600.1413
22,2029,0-19,47837.1798
22,2029,20-69,138810.5657
22,2029,70+,47709.111899999996
22,2030,0-19,47057.2435
22,2030,20-69,138411.8198
22,2030,70+,47726.5846
22,2031,0-19,46430.8951
22,2031,20-69,137999.3898
22,2031,70+,47667.471900000004
22,2032,0-19,45883.5672
22,2032,20-69,137524.1293
22,2032,70+,47657.605299999996
22,2033,0-19,45383.9791
22,2033,20-69,136899.1659
22,2033,70+,47814.377
22,2034,0-19,44849.8679
22,2034,20-69,136158.60439999998
22,2034,70+,48146.8145
22,2035,0-19,44308.3104
22,2035,20-69,135390.6745
22,2035,70+,48545.9935
22,2036,0-19,43736.0273
22,2036,20-69,134688.0045
22,2036,70+,48948.2814
22,2037,0-19,43311.6746
22,2037,20-69,133879.015
22,2037,70+,49355.7829
22,2038,0-19,42840.438200000004
22,2038,20-69,133429.9206
22,2038,70+,49510.3116
22,2039,0-19,42502.0729
22,2039,20-69,133025.2281
22,2039,70+,49560.649
22,2040,0-19,42324.5375
22,2040,20-69,132505.7872
22,2040,70+,49649.8153
22,2041,0-19,42116.471699999995
22,2041,20-69,132109.4409
22,2041,70+,49723.197
22,2042,0-19,42192.8949
22,2042,20-69,131501.6604
22,2042,70+,49803.3765
22,2043,0-19,42369.5075
22,2043,20-69,130902.3394
22,2043,70+,49850.557
22,2044,0-19,42559.97810000001
22,2044,20-69,130312.6501
22,2044,70+,49940.1507
22,2045,0-19,42797.5731
22,2045,20-69,129825.7164
22,2045,70+,49936.1254
23,2025,0-19,28951.6387
23,2025,20-69,79081.6846
23,2025,70+,24693.8069
23,2026,0-19,28703.5605
23,2026,20-69,79058.6401
23,2026,70+,25007.078
23,2027,0-19,28438.425000000003
23,2027,20-69,79083.9894
23,2027,70+,25262.262000000002
23,2028,0-19,28144.7076
23,2028,20-69,79193.5455
23,2028,70+,25462.614200000004
23,2029,0-19,27889.8059
23,2029,20-69,79272.7243
23,2029,70+,25655.853000000003
23,2030,0-19,27587.2824
23,2030,20-69,79497.7283
23,2030,70+,25756.6417
23,2031,0-19,27365.1823
23,2031,20-69,79682.5017
23,2031,70+,25828.640900000002
23,2032,0-19,27242.272800000002
23,2032,20-69,79757.4718
23,2032,70+,25927.6701
23,2033,0-19,27120.6601
23,2033,20-69,79813.8098
23,2033,70+,26062.417
23,2034,0-19,26937.689599999998
23,2034,20-69,79776.1966
23,2034,70+,26347.1583
23,2035,0-19,26731.9116
23,2035,20-69,79783.6358
23,2035,70+,26609.0357
23,2036,0-19,26573.6843
23,2036,20-69,79759.6971
23,2036,70+,26857.266200000002
23,2037,0-19,26388.393500000002
23,2037,20-69,79793.2451
23,2037,70+,27082.8854
23,2038,0-19,26249.845500000003
23,2038,20-69,79961.6764
23,2038,70+,27142.9377
23,2039,0-19,26185.198
23,2039,20-69,80180.4549
23,2039,70+,27103.7045
23,2040,0-19,26208.0229
23,2040,20-69,80326.7515
23,2040,70+,27081.5184
23,2041,0-19,26196.731399999997
23,2041,20-69,80428.6936
23,2041,70+,27164.4194
23,2042,0-19,26358.3853
23,2042,20-69,80374.91200000001
23,2042,70+,27257.702100000002
23,2043,0-19,26542.0613
23,2043,20-69,80352.5708
23,2043,70+,27324.032100000004
23,2044,0-19,26748.2823
23,2044,20-69,80244.76060000001
23,2044,70+,27477.0595
23,2045,0-19,26979.9849
23,2045,20-69,80264.68119999999
23,2045,70+,27497.5514
24,2025,0-19,60581.0594
24,2025,20-69,172976.2023
24,2025,70+,46240.0638
24,2026,0-19,60136.877400000005
24,2026,20-69,173274.811
24,2026,70+,46926.0347
24,2027,0-19,59765.822700000004
24,2027,20-69,173603.4006
24,2027,70+,47493.526
24,2028,0-19,59232.9527
24,2028,20-69,174188.6596
24,2028,70+,47997.7054
24,2029,0-19,58699.7639
24,2029,20-69,174884.0868
24,2029,70+,48416.898499999996
24,2030,0-19,58252.4544
24,2030,20-69,175618.6439
24,2030,70+,48733.73329999999
24,2031,0-19,57883.26730000001
24,2031,20-69,176418.3963
24,2031,70+,48927.145300000004
24,2032,0-19,57622.3024
24,2032,20-69,177143.2543
24,2032,70+,49109.5459
24,2033,0-19,57381.7701
24,2033,20-69,177758.3032
24,2033,70+,49410.6848
24,2034,0-19,57226.7802
24,2034,20-69,178124.1993
24,2034,70+,49862.9761
24,2035,0-19,57051.4402
24,2035,20-69,178488.9732
24,2035,70+,50338.8559
24,2036,0-19,56796.3108
24,2036,20-69,178934.7139
24,2036,70+,50819.7137
24,2037,0-19,56675.3009
24,2037,20-69,179331.6921
24,2037,70+,51226.3876
24,2038,0-19,56605.998999999996
24,2038,20-69,179806.6088
24,2038,70+,51519.2328
24,2039,0-19,56562.4527
24,2039,20-69,180454.0239
24,2039,70+,51631.6262
24,2040,0-19,56581.617
24,2040,20-69,181058.731
24,2040,70+,51744.864799999996
24,2041,0-19,56651.6754
24,2041,20-69,181569.5227
24,2041,70+,51890.750100000005
24,2042,0-19,56975.509900000005
24,2042,20-69,181745.3189
24,2042,70+,52104.5844
24,2043,0-19,57520.7139
24,2043,20-69,181733.46980000002
24,2043,70+,52270.9201
24,2044,0-19,58014.0123
24,2044,20-69,181643.6485
24,2044,70+,52558.1053
24,2045,0-19,58550.1916
24,2045,20-69,181593.4607
24,2045,70+,52763.985100000005
25,2025,0-19,49682.621499999994
25,2025,20-69,148502.672
25,2025,70+,47687.9297
25,2026,0-19,48971.5778
25,2026,20-69,147536.1006
25,2026,70+,48152.435
25,2027,0-19,48378.0032
25,2027,20-69,146581.4435
25,2027,70+,48528.7317
25,2028,0-19,47754.3856
25,2028,20-69,145818.7287
25,2028,70+,48818.3687
25,2029,0-19,47165.8087
25,2029,20-69,145058.1178
25,2029,70+,49135.6043
25,2030,0-19,46591.802500000005
25,2030,20-69,144479.0778
25,2030,70+,49314.6072
25,2031,0-19,46033.8156
25,2031,20-69,144023.2643
25,2031,70+,49409.4274
25,2032,0-19,45628.057400000005
25,2032,20-69,143455.0154
25,2032,70+,49519.2418
25,2033,0-19,45183.4876
25,2033,20-69,142955.6447
25,2033,70+,49655.8147
25,2034,0-19,44716.0704
25,2034,20-69,142314.592
25,2034,70+,49979.1702
25,2035,0-19,44276.200899999996
25,2035,20-69,141642.95429999998
25,2035,70+,50338.9188
25,2036,0-19,43845.400200000004
25,2036,20-69,141073.4583
25,2036,70+,50626.7649
25,2037,0-19,43531.2617
25,2037,20-69,140400.8955
25,2037,70+,50945.4956
25,2038,0-19,43306.857899999995
25,2038,20-69,139933.2656
25,2038,70+,51019.2158
25,2039,0-19,43008.1688
25,2039,20-69,139751.3725
25,2039,70+,50932.6843
25,2040,0-19,42809.5905
25,2040,20-69,139436.4568
25,2040,70+,50934.386000000006
25,2041,0-19,42562.8413
25,2041,20-69,139265.5846
25,2041,70+,50874.832200000004
25,2042,0-19,42615.8351
25,2042,20-69,138779.5544
25,2042,70+,50867.0956
25,2043,0-19,42761.9676
25,2043,20-69,138345.7667
25,2043,70+,50752.2493
25,2044,0-19,42954.057
25,2044,20-69,137881.8515
25,2044,70+,50661.1694
25,2045,0-19,43192.4176
25,2045,20-69,137504.9255
25,2045,70+,50478.1313
