Kommun,ratio
0114,0.002582594845894602
0115,0.0012551557300510357
0117,0.0018153322138494423
0120,0.0020386801066075893
0123,0.0037399411887844487
0125,0.0015745036061944426
0126,0.005236830989649741
0127,0.003627875627615235
0128,0.0004896754440543432
0136,0.003920412716687633
0138,0.001719929728329048
0139,0.001205402742577922
0140,0.0006640036748401086
0160,0.0031004061438809844
0162,0.0014064378199533459
0163,0.0036159464037956762
0180,0.045296408257913985
0181,0.008452943296273371
0182,0.0042206432770949985
0183,0.0019575688443745913
0184,0.004777781720691264
0186,0.001834572909948052
0187,0.0004218110415085218
0188,0.008078230925887117
0191,0.003805968711974665
0192,0.0029913971357176158
0305,0.0014633875448797637
0319,0.009939465377799614
0330,0.0007495620919776251
0331,0.0012354399893726154
0360,0.0015638144332504951
0380,0.011639528568027841
0381,0.002977402577234906
0382,0.00153341380594997
0428,0.0006005115710794835
0461,0.0005209106259175542
0480,0.0033598824198644113
0481,0.01616671526748638
0482,0.001266893142251479
0483,0.0023186532040421442
0484,0.005955419871541849
0486,0.0025846472661523743
0488,0.0007504223706313482
0509,0.0007998713916660167
0512,0.00035521865091262905
0513,0.0012366668270836494
0560,0.0006228937109163586
0561,0.0006183383661685475
0562,0.002173679086095784
0563,0.0006496353819459911
0580,0.009522118365443708
0581,0.022508056398111816
0582,0.0007700644327739564
0583,0.002258312243940447
0584,0.00044044504083359353
0586,0.002427794288411437
0604,0.0005609917904660262
0617,0.0007743918365728426
0642,0.0006413318966863767
0643,0.00062906527517133
0662,0.003108534457690207
0665,0.0022860573742266243
0680,0.010770016813617082
0682,0.0021429567505777095
0683,0.0029184601387173175
0684,0.0008711923118654382
0685,0.0026499868269869134
0686,0.0017257775608118954
0687,0.0011766860822829362
0760,0.0007869594502809749
0761,0.0011028057043450331
0763,0.001285682678079581
0764,0.0016368933973368676
0765,0.0012787237940152948
0767,0.0010616905711684744
0780,0.005179221268692673
0781,0.0025294223366020413
0821,0.0003556950640354377
0834,0.0005431105904028137
0840,0.0015452482738235551
0860,0.0014950272990583776
0861,0.012479120617368795
0862,0.0012246297265532918
0880,0.005129612165087161
0881,0.0016606453080615943
0882,0.002190520599012907
0883,0.002686085931810684
0884,0.001824301753483466
0885,0.0008671512240989821
0980,0.010409958510078829
1060,0.0011200859117794157
1080,0.003565201845834146
1081,0.002058965568758673
1082,0.011185158995403807
1083,0.0010732375372128084
1214,0.0006894724633088132
1230,0.0011877903970472846
1231,0.0012497064187264803
1233,0.0012926556561860833
1256,0.0008603418181939674
1257,0.0009430971984993341
1260,0.0014580945790694027
1261,0.0011395881156036295
1262,0.0009356074039383382
1263,0.0009086499240472564
1264,0.0008454351879163841
1265,0.0009119766436621587
1266,0.0009845309660616824
1267,0.0009072025743273818
1270,0.0008717223630444513
1272,0.006623727155191301
1273,0.0008164514389507561
1275,0.0016788677404100149
1276,0.0016815661827758997
1277,0.0010099551182633833
1278,0.0010216443799262443
1280,0.017303135570515767
1281,0.00628449051983331
1282,0.0036163184421582977
1283,0.010679680861127415
1284,0.0023911171399773135
1285,0.003197061736361989
1286,0.0019434172145262997
1287,0.002399558439467469
1290,0.005866792468498485
1291,0.0017191679437046103
1292,0.00260106268274513
1293,0.003561032196132345
1315,0.004179310711901342
1380,0.007645594218520565
1381,0.0017515577323391626
1382,0.0035340229354200794
1383,0.0132169577721392
1384,0.0035908946133557298
1401,0.0018663123726993624
1402,0.001705129949125013
1407,0.0005550838889042149
1415,0.017403889923608615
1419,0.0008836963237440773
1421,0.0009279606961180031
1427,0.0007795344936528251
1430,0.0016744646150141267
1435,0.0012157417481806147
1438,0.0003124537540388367
1439,0.0003582051587462542
1440,0.0019530790664910056
1441,0.0014127149252587108
1442,0.0007486531823076074
1443,0.0004409495434810984
1444,0.00038382360196042366
1445,0.0004231367192345807
1446,0.00044640464005681117
1447,0.0006910403762254762
1452,0.0016084750681221013
1460,0.00231422091112445
1461,0.0006386197791571527
1462,0.0015044299994911626
1463,0.001795582616875119
1465,0.0006421943559742541
1466,0.0005970714451419398
1470,0.0013651907758637533
1471,0.0019858548848640033
1472,0.0006253616467001967
1473,0.0007561421000976204
1480,0.04934517032891644
1481,0.0036294738661305998
1482,0.0024540680101355706
1484,0.017616389395529737
1485,0.0039297783843263625
1486,0.0011094231692712793
1487,0.004269780282646133
1488,0.003140101317704239
1489,0.002383621718271403
1490,0.0066403899721208135
1491,0.0018089221843137601
1492,0.0007984401195030406
1493,0.002448369199973217
1494,0.0031780555693146422
1495,0.0014893625320447597
1496,0.005787594291803462
1497,0.000568133511053489
1498,0.0008165651317126296
1499,0.0024481539455102814
1715,0.0007897876834989103
1730,0.0012329996195148771
1737,0.0014149974044730634
1760,0.00024570992948891557
1761,0.008903792035882893
1762,0.0003856669564853362
1763,0.0005105740134684457
1764,0.01116290988246364
1765,0.0010569411315010024
1766,0.0021268957147549125
1780,0.0075343290650722455
1781,0.004802880080606364
1782,0.0011670175939626883
1783,0.0018770603118857662
1784,0.0021563299515261845
1785,0.0018376007666708269
1814,0.00046261696199403294
1860,0.0008577946403825652
1861,0.0015458202590901493
1862,0.0010936236483607338
1863,0.0008260234783562356
1864,0.0005660204929848369
1880,0.009031450301650427
1881,0.0015300342850099536
1882,0.004370258927198114
1883,0.002888034830416292
1884,0.0006513713145722187
1885,0.007717364709714754
1904,0.00035438508194730113
1907,0.0011195146595508565
1960,0.0005002038824958619
1961,0.0012422459241269357
1962,0.0005933374787521377
1980,0.01068069230988254
1981,0.0014328562232629432
1982,0.0014620693700135908
1983,0.0030880105138317905
1984,0.0012365763492462067
2021,0.0007778599226754294
2023,0.0018171956827737644
2026,0.0008365355671749186
2029,0.0013889168095245195
2031,0.0014297478257827526
2034,0.0004719458411847216
2039,0.0010214238217175274
2061,0.001422573539415927
2062,0.0018687719155057007
2080,0.004809944626867386
2081,0.011778217861182863
2082,0.0006566908299114043
2083,0.002035834280476818
2084,0.006821233976772111
2085,0.0020049073195473133
2101,0.0006675547985467508
2104,0.0022373418224256357
2121,0.0010790257348955274
2132,0.0009117923780228136
2161,0.0016487586343279653
2180,0.019949964210929302
2181,0.004650138799442592
2182,0.007742498068602695
2183,0.001996205985594271
2184,0.009587709962002578
2260,0.0030567139046132562
2262,0.010150259519892466
2280,0.002126066648737513
2281,0.021190956726256434
2282,0.006730995737020489
2283,0.001570413253960057
2284,0.021430190649706544
2303,0.0005289355238706856
2305,0.0006698622298008772
2309,0.0010286032824704811
2313,0.0012226518174557662
2321,0.001184575320973083
2326,0.0008556144990271937
2361,0.0014073942189893847
2380,0.0045441409821666764
2401,0.0009101250398926945
2403,0.0002517368419316767
2404,0.000528801852229039
2409,0.0005681055549951016
2417,0.0005541092285971316
2418,0.000609110948065857
2421,0.0007486596790368575
2422,0.0002820423344472439
2425,0.000262138138314044
2460,0.0007575641938852026
2462,0.000677466852614036
2463,0.00037199208061227274
2480,0.01278715974942923
2481,0.001329929346660968
2482,0.010205163896222154
2505,0.0007103963872149441
2506,0.0003240981063420929
2510,0.0006775418812128957
2513,0.00046817385743017174
2514,0.0071768600489925055
2518,0.0003341287400914839
2521,0.0010654072536712784
2523,0.008284598380647245
2560,0.0008011771110455811
2580,0.03158022318960751
2581,0.015439337354009668
2582,0.0029024365884473607
2583,0.0007463392255776415
2584,0.010132520754047409
